video_id,label,gloss,path
66039,0,a,/content/wlasl_keypoints/66039.npy
01610,0,a,/content/wlasl_keypoints/01610.npy
01612,0,a,/content/wlasl_keypoints/01612.npy
01615,0,a,/content/wlasl_keypoints/01615.npy
66040,1,b,/content/wlasl_keypoints/66040.npy
06120,1,b,/content/wlasl_keypoints/06120.npy
06122,1,b,/content/wlasl_keypoints/06122.npy
06124,1,b,/content/wlasl_keypoints/06124.npy
66054,2,p,/content/wlasl_keypoints/66054.npy
42511,2,p,/content/wlasl_keypoints/42511.npy
42513,2,p,/content/wlasl_keypoints/42513.npy
42516,2,p,/content/wlasl_keypoints/42516.npy
66042,3,d,/content/wlasl_keypoints/66042.npy
15996,3,d,/content/wlasl_keypoints/15996.npy
15998,3,d,/content/wlasl_keypoints/15998.npy
16000,3,d,/content/wlasl_keypoints/16000.npy
66043,4,e,/content/wlasl_keypoints/66043.npy
18533,4,e,/content/wlasl_keypoints/18533.npy
18535,4,e,/content/wlasl_keypoints/18535.npy
18537,4,e,/content/wlasl_keypoints/18537.npy
66044,5,f,/content/wlasl_keypoints/66044.npy
21568,5,f,/content/wlasl_keypoints/21568.npy
21570,5,f,/content/wlasl_keypoints/21570.npy
21572,5,f,/content/wlasl_keypoints/21572.npy
66045,6,g,/content/wlasl_keypoints/66045.npy
24523,6,g,/content/wlasl_keypoints/24523.npy
24525,6,g,/content/wlasl_keypoints/24525.npy
24527,6,g,/content/wlasl_keypoints/24527.npy
27357,7,h,/content/wlasl_keypoints/27357.npy
66046,7,h,/content/wlasl_keypoints/66046.npy
27355,7,h,/content/wlasl_keypoints/27355.npy
27359,7,h,/content/wlasl_keypoints/27359.npy
66047,8,i,/content/wlasl_keypoints/66047.npy
28789,8,i,/content/wlasl_keypoints/28789.npy
28791,8,i,/content/wlasl_keypoints/28791.npy
28794,8,i,/content/wlasl_keypoints/28794.npy
66048,9,j,/content/wlasl_keypoints/66048.npy
31100,9,j,/content/wlasl_keypoints/31100.npy
31102,9,j,/content/wlasl_keypoints/31102.npy
31104,9,j,/content/wlasl_keypoints/31104.npy
66049,10,k,/content/wlasl_keypoints/66049.npy
31583,10,k,/content/wlasl_keypoints/31583.npy
31585,10,k,/content/wlasl_keypoints/31585.npy
31587,10,k,/content/wlasl_keypoints/31587.npy
66051,11,m,/content/wlasl_keypoints/66051.npy
35897,11,m,/content/wlasl_keypoints/35897.npy
35899,11,m,/content/wlasl_keypoints/35899.npy
35901,11,m,/content/wlasl_keypoints/35901.npy
66052,12,n,/content/wlasl_keypoints/66052.npy
38265,12,n,/content/wlasl_keypoints/38265.npy
38267,12,n,/content/wlasl_keypoints/38267.npy
38269,12,n,/content/wlasl_keypoints/38269.npy
66053,13,o,/content/wlasl_keypoints/66053.npy
39553,13,o,/content/wlasl_keypoints/39553.npy
39555,13,o,/content/wlasl_keypoints/39555.npy
39557,13,o,/content/wlasl_keypoints/39557.npy
66055,14,q,/content/wlasl_keypoints/66055.npy
45597,14,q,/content/wlasl_keypoints/45597.npy
45599,14,q,/content/wlasl_keypoints/45599.npy
45601,14,q,/content/wlasl_keypoints/45601.npy
66056,15,r,/content/wlasl_keypoints/66056.npy
47983,15,r,/content/wlasl_keypoints/47983.npy
47985,15,r,/content/wlasl_keypoints/47985.npy
47987,15,r,/content/wlasl_keypoints/47987.npy
66057,16,s,/content/wlasl_keypoints/66057.npy
51426,16,s,/content/wlasl_keypoints/51426.npy
51428,16,s,/content/wlasl_keypoints/51428.npy
51430,16,s,/content/wlasl_keypoints/51430.npy
66058,17,t,/content/wlasl_keypoints/66058.npy
58323,17,t,/content/wlasl_keypoints/58323.npy
58325,17,t,/content/wlasl_keypoints/58325.npy
58327,17,t,/content/wlasl_keypoints/58327.npy
66059,18,u,/content/wlasl_keypoints/66059.npy
60358,18,u,/content/wlasl_keypoints/60358.npy
60360,18,u,/content/wlasl_keypoints/60360.npy
60362,18,u,/content/wlasl_keypoints/60362.npy
66060,19,v,/content/wlasl_keypoints/66060.npy
61561,19,v,/content/wlasl_keypoints/61561.npy
61563,19,v,/content/wlasl_keypoints/61563.npy
61565,19,v,/content/wlasl_keypoints/61565.npy
66061,20,w,/content/wlasl_keypoints/66061.npy
63274,20,w,/content/wlasl_keypoints/63274.npy
63276,20,w,/content/wlasl_keypoints/63276.npy
63278,20,w,/content/wlasl_keypoints/63278.npy
65804,21,gay,/content/wlasl_keypoints/65804.npy
24203,21,gay,/content/wlasl_keypoints/24203.npy
24194,21,gay,/content/wlasl_keypoints/24194.npy
24195,21,gay,/content/wlasl_keypoints/24195.npy
18528,22,egypt,/content/wlasl_keypoints/18528.npy
65609,22,egypt,/content/wlasl_keypoints/65609.npy
18532,22,egypt,/content/wlasl_keypoints/18532.npy
18522,22,egypt,/content/wlasl_keypoints/18522.npy
18523,22,egypt,/content/wlasl_keypoints/18523.npy
18526,22,egypt,/content/wlasl_keypoints/18526.npy
65558,23,come here,/content/wlasl_keypoints/65558.npy
11862,23,come here,/content/wlasl_keypoints/11862.npy
11872,23,come here,/content/wlasl_keypoints/11872.npy
11864,23,come here,/content/wlasl_keypoints/11864.npy
11866,23,come here,/content/wlasl_keypoints/11866.npy
11867,23,come here,/content/wlasl_keypoints/11867.npy
69314,24,eye,/content/wlasl_keypoints/69314.npy
65665,24,eye,/content/wlasl_keypoints/65665.npy
20632,24,eye,/content/wlasl_keypoints/20632.npy
20633,24,eye,/content/wlasl_keypoints/20633.npy
20634,24,eye,/content/wlasl_keypoints/20634.npy
20636,24,eye,/content/wlasl_keypoints/20636.npy
13244,25,cop,/content/wlasl_keypoints/13244.npy
13245,25,cop,/content/wlasl_keypoints/13245.npy
13246,25,cop,/content/wlasl_keypoints/13246.npy
13247,25,cop,/content/wlasl_keypoints/13247.npy
13249,25,cop,/content/wlasl_keypoints/13249.npy
13250,25,cop,/content/wlasl_keypoints/13250.npy
13251,25,cop,/content/wlasl_keypoints/13251.npy
13253,25,cop,/content/wlasl_keypoints/13253.npy
41559,26,pause,/content/wlasl_keypoints/41559.npy
41563,26,pause,/content/wlasl_keypoints/41563.npy
41553,26,pause,/content/wlasl_keypoints/41553.npy
41554,26,pause,/content/wlasl_keypoints/41554.npy
41555,26,pause,/content/wlasl_keypoints/41555.npy
66313,27,positive,/content/wlasl_keypoints/66313.npy
43809,27,positive,/content/wlasl_keypoints/43809.npy
43810,27,positive,/content/wlasl_keypoints/43810.npy
43812,27,positive,/content/wlasl_keypoints/43812.npy
43814,27,positive,/content/wlasl_keypoints/43814.npy
53452,28,sour,/content/wlasl_keypoints/53452.npy
53443,28,sour,/content/wlasl_keypoints/53443.npy
53444,28,sour,/content/wlasl_keypoints/53444.npy
53445,28,sour,/content/wlasl_keypoints/53445.npy
53447,28,sour,/content/wlasl_keypoints/53447.npy
55910,29,superman,/content/wlasl_keypoints/55910.npy
55911,29,superman,/content/wlasl_keypoints/55911.npy
55913,29,superman,/content/wlasl_keypoints/55913.npy
55917,29,superman,/content/wlasl_keypoints/55917.npy
40321,30,other,/content/wlasl_keypoints/40321.npy
40313,30,other,/content/wlasl_keypoints/40313.npy
40314,30,other,/content/wlasl_keypoints/40314.npy
40315,30,other,/content/wlasl_keypoints/40315.npy
40317,30,other,/content/wlasl_keypoints/40317.npy
55321,31,stubborn,/content/wlasl_keypoints/55321.npy
66574,31,stubborn,/content/wlasl_keypoints/66574.npy
55313,31,stubborn,/content/wlasl_keypoints/55313.npy
55314,31,stubborn,/content/wlasl_keypoints/55314.npy
55315,31,stubborn,/content/wlasl_keypoints/55315.npy
55316,31,stubborn,/content/wlasl_keypoints/55316.npy
55318,31,stubborn,/content/wlasl_keypoints/55318.npy
69417,32,octopus,/content/wlasl_keypoints/69417.npy
66222,32,octopus,/content/wlasl_keypoints/66222.npy
39369,32,octopus,/content/wlasl_keypoints/39369.npy
39370,32,octopus,/content/wlasl_keypoints/39370.npy
39375,32,octopus,/content/wlasl_keypoints/39375.npy
40759,33,page,/content/wlasl_keypoints/40759.npy
40770,33,page,/content/wlasl_keypoints/40770.npy
40760,33,page,/content/wlasl_keypoints/40760.npy
40761,33,page,/content/wlasl_keypoints/40761.npy
40764,33,page,/content/wlasl_keypoints/40764.npy
62790,34,weight,/content/wlasl_keypoints/62790.npy
62791,34,weight,/content/wlasl_keypoints/62791.npy
62792,34,weight,/content/wlasl_keypoints/62792.npy
62793,34,weight,/content/wlasl_keypoints/62793.npy
62796,34,weight,/content/wlasl_keypoints/62796.npy
62797,34,weight,/content/wlasl_keypoints/62797.npy
06922,35,boast,/content/wlasl_keypoints/06922.npy
06923,35,boast,/content/wlasl_keypoints/06923.npy
06925,35,boast,/content/wlasl_keypoints/06925.npy
06928,35,boast,/content/wlasl_keypoints/06928.npy
15185,36,defeat,/content/wlasl_keypoints/15185.npy
15196,36,defeat,/content/wlasl_keypoints/15196.npy
15199,36,defeat,/content/wlasl_keypoints/15199.npy
15187,36,defeat,/content/wlasl_keypoints/15187.npy
52122,37,ski,/content/wlasl_keypoints/52122.npy
52128,37,ski,/content/wlasl_keypoints/52128.npy
69494,38,student,/content/wlasl_keypoints/69494.npy
55343,38,student,/content/wlasl_keypoints/55343.npy
55337,38,student,/content/wlasl_keypoints/55337.npy
55348,38,student,/content/wlasl_keypoints/55348.npy
55338,38,student,/content/wlasl_keypoints/55338.npy
55339,38,student,/content/wlasl_keypoints/55339.npy
55340,38,student,/content/wlasl_keypoints/55340.npy
55341,38,student,/content/wlasl_keypoints/55341.npy
31984,39,label,/content/wlasl_keypoints/31984.npy
66006,39,label,/content/wlasl_keypoints/66006.npy
31976,39,label,/content/wlasl_keypoints/31976.npy
31978,39,label,/content/wlasl_keypoints/31978.npy
31979,39,label,/content/wlasl_keypoints/31979.npy
31981,39,label,/content/wlasl_keypoints/31981.npy
03634,40,asl,/content/wlasl_keypoints/03634.npy
03635,40,asl,/content/wlasl_keypoints/03635.npy
03638,40,asl,/content/wlasl_keypoints/03638.npy
03642,40,asl,/content/wlasl_keypoints/03642.npy
04048,41,attitude,/content/wlasl_keypoints/04048.npy
65108,41,attitude,/content/wlasl_keypoints/65108.npy
04040,41,attitude,/content/wlasl_keypoints/04040.npy
04041,41,attitude,/content/wlasl_keypoints/04041.npy
04042,41,attitude,/content/wlasl_keypoints/04042.npy
04044,41,attitude,/content/wlasl_keypoints/04044.npy
04045,41,attitude,/content/wlasl_keypoints/04045.npy
66546,42,spider,/content/wlasl_keypoints/66546.npy
53825,42,spider,/content/wlasl_keypoints/53825.npy
53826,42,spider,/content/wlasl_keypoints/53826.npy
53827,42,spider,/content/wlasl_keypoints/53827.npy
53829,42,spider,/content/wlasl_keypoints/53829.npy
53831,42,spider,/content/wlasl_keypoints/53831.npy
36866,43,morning,/content/wlasl_keypoints/36866.npy
36857,43,morning,/content/wlasl_keypoints/36857.npy
36858,43,morning,/content/wlasl_keypoints/36858.npy
36859,43,morning,/content/wlasl_keypoints/36859.npy
36860,43,morning,/content/wlasl_keypoints/36860.npy
36863,43,morning,/content/wlasl_keypoints/36863.npy
10400,44,chicken,/content/wlasl_keypoints/10400.npy
10405,44,chicken,/content/wlasl_keypoints/10405.npy
65349,44,chicken,/content/wlasl_keypoints/65349.npy
10397,44,chicken,/content/wlasl_keypoints/10397.npy
10412,44,chicken,/content/wlasl_keypoints/10412.npy
01011,45,address,/content/wlasl_keypoints/01011.npy
01018,45,address,/content/wlasl_keypoints/01018.npy
01024,45,address,/content/wlasl_keypoints/01024.npy
01012,45,address,/content/wlasl_keypoints/01012.npy
29407,46,india,/content/wlasl_keypoints/29407.npy
29400,46,india,/content/wlasl_keypoints/29400.npy
29402,46,india,/content/wlasl_keypoints/29402.npy
29404,46,india,/content/wlasl_keypoints/29404.npy
66395,47,resist,/content/wlasl_keypoints/66395.npy
47569,47,resist,/content/wlasl_keypoints/47569.npy
47572,47,resist,/content/wlasl_keypoints/47572.npy
65887,48,heaven,/content/wlasl_keypoints/65887.npy
27087,48,heaven,/content/wlasl_keypoints/27087.npy
27078,48,heaven,/content/wlasl_keypoints/27078.npy
27079,48,heaven,/content/wlasl_keypoints/27079.npy
27082,48,heaven,/content/wlasl_keypoints/27082.npy
69284,49,crash,/content/wlasl_keypoints/69284.npy
13799,49,crash,/content/wlasl_keypoints/13799.npy
13804,49,crash,/content/wlasl_keypoints/13804.npy
13805,49,crash,/content/wlasl_keypoints/13805.npy
13806,49,crash,/content/wlasl_keypoints/13806.npy
13812,49,crash,/content/wlasl_keypoints/13812.npy
13813,49,crash,/content/wlasl_keypoints/13813.npy
13800,49,crash,/content/wlasl_keypoints/13800.npy
13803,49,crash,/content/wlasl_keypoints/13803.npy
22974,50,forgive,/content/wlasl_keypoints/22974.npy
22976,50,forgive,/content/wlasl_keypoints/22976.npy
22980,50,forgive,/content/wlasl_keypoints/22980.npy
69311,51,every,/content/wlasl_keypoints/69311.npy
19842,51,every,/content/wlasl_keypoints/19842.npy
19843,51,every,/content/wlasl_keypoints/19843.npy
19845,51,every,/content/wlasl_keypoints/19845.npy
19849,51,every,/content/wlasl_keypoints/19849.npy
11103,52,click,/content/wlasl_keypoints/11103.npy
11113,52,click,/content/wlasl_keypoints/11113.npy
11105,52,click,/content/wlasl_keypoints/11105.npy
66392,53,replace,/content/wlasl_keypoints/66392.npy
47332,53,replace,/content/wlasl_keypoints/47332.npy
47333,53,replace,/content/wlasl_keypoints/47333.npy
47335,53,replace,/content/wlasl_keypoints/47335.npy
47337,53,replace,/content/wlasl_keypoints/47337.npy
43254,54,plenty,/content/wlasl_keypoints/43254.npy
43255,54,plenty,/content/wlasl_keypoints/43255.npy
43257,54,plenty,/content/wlasl_keypoints/43257.npy
43258,54,plenty,/content/wlasl_keypoints/43258.npy
43261,54,plenty,/content/wlasl_keypoints/43261.npy
37040,55,mouse,/content/wlasl_keypoints/37040.npy
37046,55,mouse,/content/wlasl_keypoints/37046.npy
37053,55,mouse,/content/wlasl_keypoints/37053.npy
37042,55,mouse,/content/wlasl_keypoints/37042.npy
37043,55,mouse,/content/wlasl_keypoints/37043.npy
55288,56,structure,/content/wlasl_keypoints/55288.npy
55289,56,structure,/content/wlasl_keypoints/55289.npy
55290,56,structure,/content/wlasl_keypoints/55290.npy
55291,56,structure,/content/wlasl_keypoints/55291.npy
55292,56,structure,/content/wlasl_keypoints/55292.npy
55294,56,structure,/content/wlasl_keypoints/55294.npy
55295,56,structure,/content/wlasl_keypoints/55295.npy
20445,57,explain,/content/wlasl_keypoints/20445.npy
20435,57,explain,/content/wlasl_keypoints/20435.npy
20436,57,explain,/content/wlasl_keypoints/20436.npy
20437,57,explain,/content/wlasl_keypoints/20437.npy
20438,57,explain,/content/wlasl_keypoints/20438.npy
20440,57,explain,/content/wlasl_keypoints/20440.npy
20441,57,explain,/content/wlasl_keypoints/20441.npy
65667,58,eyes,/content/wlasl_keypoints/65667.npy
20661,58,eyes,/content/wlasl_keypoints/20661.npy
20662,58,eyes,/content/wlasl_keypoints/20662.npy
20665,58,eyes,/content/wlasl_keypoints/20665.npy
20667,58,eyes,/content/wlasl_keypoints/20667.npy
69231,59,big,/content/wlasl_keypoints/69231.npy
06199,59,big,/content/wlasl_keypoints/06199.npy
06200,59,big,/content/wlasl_keypoints/06200.npy
65182,59,big,/content/wlasl_keypoints/65182.npy
65183,59,big,/content/wlasl_keypoints/65183.npy
06192,59,big,/content/wlasl_keypoints/06192.npy
06202,59,big,/content/wlasl_keypoints/06202.npy
06193,59,big,/content/wlasl_keypoints/06193.npy
06194,59,big,/content/wlasl_keypoints/06194.npy
15139,60,deduct,/content/wlasl_keypoints/15139.npy
15140,60,deduct,/content/wlasl_keypoints/15140.npy
15141,60,deduct,/content/wlasl_keypoints/15141.npy
15142,60,deduct,/content/wlasl_keypoints/15142.npy
15145,60,deduct,/content/wlasl_keypoints/15145.npy
15146,60,deduct,/content/wlasl_keypoints/15146.npy
54609,61,steel,/content/wlasl_keypoints/54609.npy
54610,61,steel,/content/wlasl_keypoints/54610.npy
54612,61,steel,/content/wlasl_keypoints/54612.npy
54613,61,steel,/content/wlasl_keypoints/54613.npy
54614,61,steel,/content/wlasl_keypoints/54614.npy
54616,61,steel,/content/wlasl_keypoints/54616.npy
65327,62,chain,/content/wlasl_keypoints/65327.npy
09835,62,chain,/content/wlasl_keypoints/09835.npy
09836,62,chain,/content/wlasl_keypoints/09836.npy
09837,62,chain,/content/wlasl_keypoints/09837.npy
09838,62,chain,/content/wlasl_keypoints/09838.npy
09840,62,chain,/content/wlasl_keypoints/09840.npy
09842,62,chain,/content/wlasl_keypoints/09842.npy
69511,63,time,/content/wlasl_keypoints/69511.npy
58502,63,time,/content/wlasl_keypoints/58502.npy
66644,63,time,/content/wlasl_keypoints/66644.npy
58497,63,time,/content/wlasl_keypoints/58497.npy
58508,63,time,/content/wlasl_keypoints/58508.npy
58498,63,time,/content/wlasl_keypoints/58498.npy
58499,63,time,/content/wlasl_keypoints/58499.npy
28003,64,horse,/content/wlasl_keypoints/28003.npy
27994,64,horse,/content/wlasl_keypoints/27994.npy
27995,64,horse,/content/wlasl_keypoints/27995.npy
27999,64,horse,/content/wlasl_keypoints/27999.npy
57628,65,thanksgiving,/content/wlasl_keypoints/57628.npy
57647,65,thanksgiving,/content/wlasl_keypoints/57647.npy
57629,65,thanksgiving,/content/wlasl_keypoints/57629.npy
57630,65,thanksgiving,/content/wlasl_keypoints/57630.npy
57631,65,thanksgiving,/content/wlasl_keypoints/57631.npy
57633,65,thanksgiving,/content/wlasl_keypoints/57633.npy
57634,65,thanksgiving,/content/wlasl_keypoints/57634.npy
57635,65,thanksgiving,/content/wlasl_keypoints/57635.npy
57638,65,thanksgiving,/content/wlasl_keypoints/57638.npy
57639,65,thanksgiving,/content/wlasl_keypoints/57639.npy
57640,65,thanksgiving,/content/wlasl_keypoints/57640.npy
15110,66,decrease,/content/wlasl_keypoints/15110.npy
15120,66,decrease,/content/wlasl_keypoints/15120.npy
15111,66,decrease,/content/wlasl_keypoints/15111.npy
15112,66,decrease,/content/wlasl_keypoints/15112.npy
15116,66,decrease,/content/wlasl_keypoints/15116.npy
18649,67,either,/content/wlasl_keypoints/18649.npy
65617,67,either,/content/wlasl_keypoints/65617.npy
18644,67,either,/content/wlasl_keypoints/18644.npy
26303,68,hamburger,/content/wlasl_keypoints/26303.npy
26295,68,hamburger,/content/wlasl_keypoints/26295.npy
26296,68,hamburger,/content/wlasl_keypoints/26296.npy
26297,68,hamburger,/content/wlasl_keypoints/26297.npy
26298,68,hamburger,/content/wlasl_keypoints/26298.npy
26300,68,hamburger,/content/wlasl_keypoints/26300.npy
40650,69,owe,/content/wlasl_keypoints/40650.npy
40651,69,owe,/content/wlasl_keypoints/40651.npy
40652,69,owe,/content/wlasl_keypoints/40652.npy
40654,69,owe,/content/wlasl_keypoints/40654.npy
40657,69,owe,/content/wlasl_keypoints/40657.npy
62622,70,wear,/content/wlasl_keypoints/62622.npy
66756,70,wear,/content/wlasl_keypoints/66756.npy
62614,70,wear,/content/wlasl_keypoints/62614.npy
62615,70,wear,/content/wlasl_keypoints/62615.npy
62618,70,wear,/content/wlasl_keypoints/62618.npy
62619,70,wear,/content/wlasl_keypoints/62619.npy
66642,71,tie,/content/wlasl_keypoints/66642.npy
58430,71,tie,/content/wlasl_keypoints/58430.npy
58434,71,tie,/content/wlasl_keypoints/58434.npy
58435,71,tie,/content/wlasl_keypoints/58435.npy
58439,71,tie,/content/wlasl_keypoints/58439.npy
58427,71,tie,/content/wlasl_keypoints/58427.npy
58428,71,tie,/content/wlasl_keypoints/58428.npy
31232,72,joy,/content/wlasl_keypoints/31232.npy
31233,72,joy,/content/wlasl_keypoints/31233.npy
31236,72,joy,/content/wlasl_keypoints/31236.npy
31237,72,joy,/content/wlasl_keypoints/31237.npy
31239,72,joy,/content/wlasl_keypoints/31239.npy
57271,73,television,/content/wlasl_keypoints/57271.npy
57261,73,television,/content/wlasl_keypoints/57261.npy
57262,73,television,/content/wlasl_keypoints/57262.npy
57263,73,television,/content/wlasl_keypoints/57263.npy
57265,73,television,/content/wlasl_keypoints/57265.npy
57266,73,television,/content/wlasl_keypoints/57266.npy
26946,74,hear,/content/wlasl_keypoints/26946.npy
26950,74,hear,/content/wlasl_keypoints/26950.npy
26951,74,hear,/content/wlasl_keypoints/26951.npy
26942,74,hear,/content/wlasl_keypoints/26942.npy
26952,74,hear,/content/wlasl_keypoints/26952.npy
26956,74,hear,/content/wlasl_keypoints/26956.npy
26943,74,hear,/content/wlasl_keypoints/26943.npy
26944,74,hear,/content/wlasl_keypoints/26944.npy
26945,74,hear,/content/wlasl_keypoints/26945.npy
62175,75,walk,/content/wlasl_keypoints/62175.npy
62159,75,walk,/content/wlasl_keypoints/62159.npy
62163,75,walk,/content/wlasl_keypoints/62163.npy
62164,75,walk,/content/wlasl_keypoints/62164.npy
66743,75,walk,/content/wlasl_keypoints/66743.npy
66742,75,walk,/content/wlasl_keypoints/66742.npy
62158,75,walk,/content/wlasl_keypoints/62158.npy
62168,75,walk,/content/wlasl_keypoints/62168.npy
62169,75,walk,/content/wlasl_keypoints/62169.npy
62170,75,walk,/content/wlasl_keypoints/62170.npy
47271,76,rent,/content/wlasl_keypoints/47271.npy
47272,76,rent,/content/wlasl_keypoints/47272.npy
47273,76,rent,/content/wlasl_keypoints/47273.npy
47277,76,rent,/content/wlasl_keypoints/47277.npy
47279,76,rent,/content/wlasl_keypoints/47279.npy
64307,77,yesterday,/content/wlasl_keypoints/64307.npy
64308,77,yesterday,/content/wlasl_keypoints/64308.npy
64309,77,yesterday,/content/wlasl_keypoints/64309.npy
64311,77,yesterday,/content/wlasl_keypoints/64311.npy
66821,77,yesterday,/content/wlasl_keypoints/66821.npy
66822,77,yesterday,/content/wlasl_keypoints/66822.npy
64315,77,yesterday,/content/wlasl_keypoints/64315.npy
64304,77,yesterday,/content/wlasl_keypoints/64304.npy
64305,77,yesterday,/content/wlasl_keypoints/64305.npy
64306,77,yesterday,/content/wlasl_keypoints/64306.npy
12942,78,contest,/content/wlasl_keypoints/12942.npy
12943,78,contest,/content/wlasl_keypoints/12943.npy
12945,78,contest,/content/wlasl_keypoints/12945.npy
12947,78,contest,/content/wlasl_keypoints/12947.npy
58834,79,tonight,/content/wlasl_keypoints/58834.npy
58835,79,tonight,/content/wlasl_keypoints/58835.npy
58836,79,tonight,/content/wlasl_keypoints/58836.npy
58838,79,tonight,/content/wlasl_keypoints/58838.npy
58840,79,tonight,/content/wlasl_keypoints/58840.npy
48258,80,river,/content/wlasl_keypoints/48258.npy
66410,80,river,/content/wlasl_keypoints/66410.npy
48252,80,river,/content/wlasl_keypoints/48252.npy
48253,80,river,/content/wlasl_keypoints/48253.npy
48255,80,river,/content/wlasl_keypoints/48255.npy
16168,81,die,/content/wlasl_keypoints/16168.npy
65479,81,die,/content/wlasl_keypoints/65479.npy
16161,81,die,/content/wlasl_keypoints/16161.npy
16164,81,die,/content/wlasl_keypoints/16164.npy
08905,82,candle,/content/wlasl_keypoints/08905.npy
65297,82,candle,/content/wlasl_keypoints/65297.npy
08898,82,candle,/content/wlasl_keypoints/08898.npy
08899,82,candle,/content/wlasl_keypoints/08899.npy
08900,82,candle,/content/wlasl_keypoints/08900.npy
08902,82,candle,/content/wlasl_keypoints/08902.npy
37126,83,movie,/content/wlasl_keypoints/37126.npy
37125,83,movie,/content/wlasl_keypoints/37125.npy
37152,83,movie,/content/wlasl_keypoints/37152.npy
37127,83,movie,/content/wlasl_keypoints/37127.npy
37129,83,movie,/content/wlasl_keypoints/37129.npy
17968,84,dull,/content/wlasl_keypoints/17968.npy
17979,84,dull,/content/wlasl_keypoints/17979.npy
17969,84,dull,/content/wlasl_keypoints/17969.npy
17974,84,dull,/content/wlasl_keypoints/17974.npy
17975,84,dull,/content/wlasl_keypoints/17975.npy
66100,85,manage,/content/wlasl_keypoints/66100.npy
34687,85,manage,/content/wlasl_keypoints/34687.npy
34688,85,manage,/content/wlasl_keypoints/34688.npy
34690,85,manage,/content/wlasl_keypoints/34690.npy
34692,85,manage,/content/wlasl_keypoints/34692.npy
69221,86,ball,/content/wlasl_keypoints/69221.npy
04850,86,ball,/content/wlasl_keypoints/04850.npy
04851,86,ball,/content/wlasl_keypoints/04851.npy
04852,86,ball,/content/wlasl_keypoints/04852.npy
04854,86,ball,/content/wlasl_keypoints/04854.npy
04858,86,ball,/content/wlasl_keypoints/04858.npy
65131,86,ball,/content/wlasl_keypoints/65131.npy
04849,86,ball,/content/wlasl_keypoints/04849.npy
04864,86,ball,/content/wlasl_keypoints/04864.npy
66541,87,spanish,/content/wlasl_keypoints/66541.npy
53564,87,spanish,/content/wlasl_keypoints/53564.npy
53565,87,spanish,/content/wlasl_keypoints/53565.npy
53566,87,spanish,/content/wlasl_keypoints/53566.npy
53570,87,spanish,/content/wlasl_keypoints/53570.npy
41811,88,penalty,/content/wlasl_keypoints/41811.npy
41812,88,penalty,/content/wlasl_keypoints/41812.npy
41814,88,penalty,/content/wlasl_keypoints/41814.npy
41816,88,penalty,/content/wlasl_keypoints/41816.npy
20386,89,experience,/content/wlasl_keypoints/20386.npy
65659,89,experience,/content/wlasl_keypoints/65659.npy
20378,89,experience,/content/wlasl_keypoints/20378.npy
20379,89,experience,/content/wlasl_keypoints/20379.npy
20380,89,experience,/content/wlasl_keypoints/20380.npy
20381,89,experience,/content/wlasl_keypoints/20381.npy
20383,89,experience,/content/wlasl_keypoints/20383.npy
66303,90,plus,/content/wlasl_keypoints/66303.npy
43339,90,plus,/content/wlasl_keypoints/43339.npy
43349,90,plus,/content/wlasl_keypoints/43349.npy
43340,90,plus,/content/wlasl_keypoints/43340.npy
43341,90,plus,/content/wlasl_keypoints/43341.npy
43342,90,plus,/content/wlasl_keypoints/43342.npy
43345,90,plus,/content/wlasl_keypoints/43345.npy
69316,91,family,/content/wlasl_keypoints/69316.npy
20980,91,family,/content/wlasl_keypoints/20980.npy
20981,91,family,/content/wlasl_keypoints/20981.npy
20982,91,family,/content/wlasl_keypoints/20982.npy
20983,91,family,/content/wlasl_keypoints/20983.npy
20986,91,family,/content/wlasl_keypoints/20986.npy
20987,91,family,/content/wlasl_keypoints/20987.npy
65677,91,family,/content/wlasl_keypoints/65677.npy
20978,91,family,/content/wlasl_keypoints/20978.npy
20992,91,family,/content/wlasl_keypoints/20992.npy
20979,91,family,/content/wlasl_keypoints/20979.npy
69245,92,boy,/content/wlasl_keypoints/69245.npy
65245,92,boy,/content/wlasl_keypoints/65245.npy
07452,92,boy,/content/wlasl_keypoints/07452.npy
07462,92,boy,/content/wlasl_keypoints/07462.npy
07453,92,boy,/content/wlasl_keypoints/07453.npy
07454,92,boy,/content/wlasl_keypoints/07454.npy
07455,92,boy,/content/wlasl_keypoints/07455.npy
69522,93,up,/content/wlasl_keypoints/69522.npy
60915,93,up,/content/wlasl_keypoints/60915.npy
66709,93,up,/content/wlasl_keypoints/66709.npy
60907,93,up,/content/wlasl_keypoints/60907.npy
60909,93,up,/content/wlasl_keypoints/60909.npy
60910,93,up,/content/wlasl_keypoints/60910.npy
60912,93,up,/content/wlasl_keypoints/60912.npy
35544,94,me,/content/wlasl_keypoints/35544.npy
35545,94,me,/content/wlasl_keypoints/35545.npy
35546,94,me,/content/wlasl_keypoints/35546.npy
69240,95,body,/content/wlasl_keypoints/69240.npy
65222,95,body,/content/wlasl_keypoints/65222.npy
06948,95,body,/content/wlasl_keypoints/06948.npy
06949,95,body,/content/wlasl_keypoints/06949.npy
06951,95,body,/content/wlasl_keypoints/06951.npy
06954,95,body,/content/wlasl_keypoints/06954.npy
65494,96,dissolve,/content/wlasl_keypoints/65494.npy
16804,96,dissolve,/content/wlasl_keypoints/16804.npy
16805,96,dissolve,/content/wlasl_keypoints/16805.npy
16806,96,dissolve,/content/wlasl_keypoints/16806.npy
16808,96,dissolve,/content/wlasl_keypoints/16808.npy
16809,96,dissolve,/content/wlasl_keypoints/16809.npy
16811,96,dissolve,/content/wlasl_keypoints/16811.npy
29897,97,inspect,/content/wlasl_keypoints/29897.npy
29898,97,inspect,/content/wlasl_keypoints/29898.npy
29900,97,inspect,/content/wlasl_keypoints/29900.npy
29901,97,inspect,/content/wlasl_keypoints/29901.npy
29903,97,inspect,/content/wlasl_keypoints/29903.npy
52764,98,sneeze,/content/wlasl_keypoints/52764.npy
52765,98,sneeze,/content/wlasl_keypoints/52765.npy
52770,98,sneeze,/content/wlasl_keypoints/52770.npy
20868,99,fake,/content/wlasl_keypoints/20868.npy
20869,99,fake,/content/wlasl_keypoints/20869.npy
65674,99,fake,/content/wlasl_keypoints/65674.npy
20872,99,fake,/content/wlasl_keypoints/20872.npy
20861,99,fake,/content/wlasl_keypoints/20861.npy
20862,99,fake,/content/wlasl_keypoints/20862.npy
45652,100,quarrel,/content/wlasl_keypoints/45652.npy
45655,100,quarrel,/content/wlasl_keypoints/45655.npy
45656,100,quarrel,/content/wlasl_keypoints/45656.npy
45658,100,quarrel,/content/wlasl_keypoints/45658.npy
66748,101,wash face,/content/wlasl_keypoints/66748.npy
62349,101,wash face,/content/wlasl_keypoints/62349.npy
59596,102,triangle,/content/wlasl_keypoints/59596.npy
59602,102,triangle,/content/wlasl_keypoints/59602.npy
59603,102,triangle,/content/wlasl_keypoints/59603.npy
59609,102,triangle,/content/wlasl_keypoints/59609.npy
59597,102,triangle,/content/wlasl_keypoints/59597.npy
59598,102,triangle,/content/wlasl_keypoints/59598.npy
07127,103,bookstore,/content/wlasl_keypoints/07127.npy
07128,103,bookstore,/content/wlasl_keypoints/07128.npy
07130,103,bookstore,/content/wlasl_keypoints/07130.npy
07131,103,bookstore,/content/wlasl_keypoints/07131.npy
65116,104,awake,/content/wlasl_keypoints/65116.npy
04355,104,awake,/content/wlasl_keypoints/04355.npy
04356,104,awake,/content/wlasl_keypoints/04356.npy
04361,104,awake,/content/wlasl_keypoints/04361.npy
65206,105,bless,/content/wlasl_keypoints/65206.npy
06625,105,bless,/content/wlasl_keypoints/06625.npy
06626,105,bless,/content/wlasl_keypoints/06626.npy
06628,105,bless,/content/wlasl_keypoints/06628.npy
06629,105,bless,/content/wlasl_keypoints/06629.npy
06631,105,bless,/content/wlasl_keypoints/06631.npy
16131,106,dictionary,/content/wlasl_keypoints/16131.npy
16134,106,dictionary,/content/wlasl_keypoints/16134.npy
16124,106,dictionary,/content/wlasl_keypoints/16124.npy
16125,106,dictionary,/content/wlasl_keypoints/16125.npy
16126,106,dictionary,/content/wlasl_keypoints/16126.npy
16127,106,dictionary,/content/wlasl_keypoints/16127.npy
27823,107,honest,/content/wlasl_keypoints/27823.npy
27824,107,honest,/content/wlasl_keypoints/27824.npy
27826,107,honest,/content/wlasl_keypoints/27826.npy
27827,107,honest,/content/wlasl_keypoints/27827.npy
27829,107,honest,/content/wlasl_keypoints/27829.npy
15781,108,desk,/content/wlasl_keypoints/15781.npy
15772,108,desk,/content/wlasl_keypoints/15772.npy
15773,108,desk,/content/wlasl_keypoints/15773.npy
15774,108,desk,/content/wlasl_keypoints/15774.npy
15775,108,desk,/content/wlasl_keypoints/15775.npy
15776,108,desk,/content/wlasl_keypoints/15776.npy
05767,109,beg,/content/wlasl_keypoints/05767.npy
65168,109,beg,/content/wlasl_keypoints/65168.npy
05759,109,beg,/content/wlasl_keypoints/05759.npy
05762,109,beg,/content/wlasl_keypoints/05762.npy
05763,109,beg,/content/wlasl_keypoints/05763.npy
66776,110,while,/content/wlasl_keypoints/66776.npy
63119,110,while,/content/wlasl_keypoints/63119.npy
63122,110,while,/content/wlasl_keypoints/63122.npy
63124,110,while,/content/wlasl_keypoints/63124.npy
63126,110,while,/content/wlasl_keypoints/63126.npy
04324,111,average,/content/wlasl_keypoints/04324.npy
04325,111,average,/content/wlasl_keypoints/04325.npy
04326,111,average,/content/wlasl_keypoints/04326.npy
04330,111,average,/content/wlasl_keypoints/04330.npy
04332,111,average,/content/wlasl_keypoints/04332.npy
41055,112,parachute,/content/wlasl_keypoints/41055.npy
41056,112,parachute,/content/wlasl_keypoints/41056.npy
41058,112,parachute,/content/wlasl_keypoints/41058.npy
41060,112,parachute,/content/wlasl_keypoints/41060.npy
69301,113,down,/content/wlasl_keypoints/69301.npy
17436,113,down,/content/wlasl_keypoints/17436.npy
65526,113,down,/content/wlasl_keypoints/65526.npy
17428,113,down,/content/wlasl_keypoints/17428.npy
17429,113,down,/content/wlasl_keypoints/17429.npy
17430,113,down,/content/wlasl_keypoints/17430.npy
17431,113,down,/content/wlasl_keypoints/17431.npy
17433,113,down,/content/wlasl_keypoints/17433.npy
66115,114,mention,/content/wlasl_keypoints/66115.npy
66116,114,mention,/content/wlasl_keypoints/66116.npy
35676,114,mention,/content/wlasl_keypoints/35676.npy
18986,115,emotion,/content/wlasl_keypoints/18986.npy
18978,115,emotion,/content/wlasl_keypoints/18978.npy
18979,115,emotion,/content/wlasl_keypoints/18979.npy
18980,115,emotion,/content/wlasl_keypoints/18980.npy
18981,115,emotion,/content/wlasl_keypoints/18981.npy
18983,115,emotion,/content/wlasl_keypoints/18983.npy
12122,116,compare,/content/wlasl_keypoints/12122.npy
65386,116,compare,/content/wlasl_keypoints/65386.npy
12113,116,compare,/content/wlasl_keypoints/12113.npy
12114,116,compare,/content/wlasl_keypoints/12114.npy
12115,116,compare,/content/wlasl_keypoints/12115.npy
12116,116,compare,/content/wlasl_keypoints/12116.npy
12118,116,compare,/content/wlasl_keypoints/12118.npy
69243,117,bottle,/content/wlasl_keypoints/69243.npy
65235,117,bottle,/content/wlasl_keypoints/65235.npy
07286,117,bottle,/content/wlasl_keypoints/07286.npy
07287,117,bottle,/content/wlasl_keypoints/07287.npy
07288,117,bottle,/content/wlasl_keypoints/07288.npy
07290,117,bottle,/content/wlasl_keypoints/07290.npy
07292,117,bottle,/content/wlasl_keypoints/07292.npy
51716,118,silver,/content/wlasl_keypoints/51716.npy
51726,118,silver,/content/wlasl_keypoints/51726.npy
51717,118,silver,/content/wlasl_keypoints/51717.npy
51718,118,silver,/content/wlasl_keypoints/51718.npy
51719,118,silver,/content/wlasl_keypoints/51719.npy
51721,118,silver,/content/wlasl_keypoints/51721.npy
37341,119,museum,/content/wlasl_keypoints/37341.npy
66155,119,museum,/content/wlasl_keypoints/66155.npy
37333,119,museum,/content/wlasl_keypoints/37333.npy
37334,119,museum,/content/wlasl_keypoints/37334.npy
37335,119,museum,/content/wlasl_keypoints/37335.npy
69215,120,arm,/content/wlasl_keypoints/69215.npy
03344,120,arm,/content/wlasl_keypoints/03344.npy
65094,120,arm,/content/wlasl_keypoints/65094.npy
03337,120,arm,/content/wlasl_keypoints/03337.npy
03338,120,arm,/content/wlasl_keypoints/03338.npy
03339,120,arm,/content/wlasl_keypoints/03339.npy
03342,120,arm,/content/wlasl_keypoints/03342.npy
